order_date,item_name,quantity,unit,category,notes
2026-05-22,Real Foods Corn Thins Sour Cream & Chives,1,pack,Biscuits & Crackers,125g
2026-05-22,Peckish Barbecue Flavoured Rice Crackers,1,pack,Biscuits & Crackers,90g
2026-05-22,Peckish Cheddar Cheese Flavoured Rice Crackers,1,pack,Biscuits & Crackers,90g
2026-05-22,Arnott's Shapes Originals Pizza Crackers,1,pack,Biscuits & Crackers,190g
2026-05-22,Griffin's Snax Original Crackers,1,pack,Biscuits & Crackers,250g
2026-05-22,Oreo Double Stuff Original Sandwich Cookies,1,pack,Biscuits & Crackers,136g
2026-05-22,Vogel's Apple Crumble And Cinnamon Delightful Granola,1,pack,Breakfast Cereals,360g
2026-05-22,Pams Mild Cheese,1,pack,Cheese,1kg
2026-05-22,Massimo's Italian Mozzarella Cheese Log,1,pack,Cheese,1kg
2026-05-22,Pams Free Range Boneless Skinless Chicken Thighs,2,pack,Chicken & Poultry,400g each
2026-05-22,Tegel Free Range Oven Ready Sage & Onion Roast Fresh Chicken,1,pack,Chicken & Poultry,1.5kg
2026-05-22,Act II Butter Flavour Microwave Popcorn,1,pack,Chips Nuts & Snacks,85g
2026-05-22,Calbee Harvest Snaps Salt & Vinegar Flavour Baked Pea Crisps,1,pack,Chips Nuts & Snacks,120g
2026-05-22,Mother Earth Apple & Raspberry Fruit Sticks,1,pack,Chips Nuts & Snacks,152g
2026-05-22,Tasti Salted Caramel Nut Bar,1,pack,Chips Nuts & Snacks,6 x 35g
2026-05-22,Nature Valley Oats & Honey Crunchy Granola Bars,1,pack,Chips Nuts & Snacks,6 x 42g
2026-05-22,Tom & Luke Double Choc Berry Snackaballs,1,pack,Chips Nuts & Snacks,374g
2026-05-22,Havana Super Deluxe Coffee Beans,1,pack,Coffee,200g
2026-05-22,Maggi Roast Chicken Flavoured Gravy Mix,1,pack,Cooking Sauces Stocks & Marinades,3 x 24g
2026-05-22,Hellers Mild Biersticks,2,pack,Deli Meats & Smoked Fish,168g each
2026-05-22,Beehive Shaved Champagne Ham,2,pack,Deli Meats & Smoked Fish,100g each
2026-05-22,Verkerks Danish Salami,1,pack,Deli Meats & Smoked Fish,100g
2026-05-22,Hellers Classic Pepperoni Salami Stick,1,pack,Deli Meats & Smoked Fish,120g
2026-05-22,Colgate Kids Bluey Strawberry Flavoured Toothpaste,1,pack,Dental & Oral Care,90g
2026-05-22,Woodland Free Range Grade 8 Eggs,1,pack,Eggs,10pk
2026-05-22,Bananas,8,each,Fruit,"PDF shows '8 500'; interpreted as 8 each, confirm if 0.5kg"
2026-05-22,Yummy Fruit Royal Gala Apples,2,pack,Fruit,1.5kg each
2026-05-22,Seedless Green Grapes,0.5,kg,Fruit,"PDF shows '500g 500'; interpreted as 500g"
2026-05-22,Seedless Red Grapes,0.5,kg,Fruit,"PDF shows '500g 500'; interpreted as 500g"
2026-05-22,Round Cheese Rolls,1,pack,In-Store Bakery,6pk
2026-05-22,Artisan Baguette,1,pack,In-Store Bakery,1pk
2026-05-22,Fix & Fogg Smooth Peanut Butter,1,pack,Jams Honey & Spreads,750g
2026-05-22,Vanish Preen Oxi Action Everyday Stain Remover Spray,1,pack,Laundry,500ml
2026-05-22,Boring Oat Milk Barista Grade,3,pack,Long Life & Dairy Free Milk,1l each
2026-05-22,Pams Value Standard Milk,1,pack,Milk,2l
2026-05-22,Indomie Mi Goreng Barbeque Chicken Noodles,1,pack,Pasta Rice & Noodles,10 x 85g
2026-05-22,Freya's Swiss Soya Linseed Bread,2,pack,Sliced & Packaged Bread,750g each
2026-05-22,Mrs Rogers Naturals Eco Turmeric,2,pack,Spices Seasoning & Coatings,40g each
2026-05-22,Kewpie Japan Made Mayonnaise,1,pack,Table Sauces Dressings & Condiments,450g
2026-05-22,Twinings English Breakfast Tea Bags,1,pack,Tea,100 x 2g
2026-05-22,Purex 2 Ply White Mega Long Toilet Tissue,1,pack,Toilet Paper Tissues & Paper Towels,410 sheets
2026-05-22,Telegraph Cucumber,1,each,Vegetables,
2026-05-22,Pams Fresh Cherry Tomatoes,3,pack,Vegetables,250g each
2026-05-22,Loose Red Onions,1,kg,Vegetables,
2026-05-22,Broccoli,1,each,Vegetables,
2026-05-22,Pams Baby Spinach,1,pack,Vegetables,120g
2026-05-22,Value Fresh Carrots,1,pack,Vegetables,2kg
2026-05-22,Cauliflower,1,each,Vegetables,
2026-05-22,Pams White Round Pita Bread,1,pack,Wraps Pita & Flat Bread,8 x 43.8g
2026-05-22,Farrah's Kids White Snack Wraps,1,pack,Wraps Pita & Flat Bread,8pk
2026-05-22,Moogurt Suckies Vanilla Custard Probiotic Yoghurt Pouch,1,pack,Yoghurt,5 x 70g
2026-05-22,Meadow Fresh Kalo Natural Greek Yoghurt,1,pack,Yoghurt,800g
2026-04-16,Nature's Fresh English Muffin Splits,1.0,pack,"Bagels, Crumpets & Pancakes",6pk
2026-04-16,Pams Dark Cooking Chocolate,1.0,pack,Baking Supplies & Sugar,200g
2026-04-16,Hellers Craft Angus Beef Sausages,1.0,pack,Beef,6pk
2026-04-16,Hellers Beef Mince,3.0,pack,Beef,380g
2026-04-16,Real Foods Corn Thins Sour Cream & Chives,1.0,pack,Biscuits & Crackers,125g
2026-04-16,Peckish Cheddar Cheese Flavoured Rice Crackers,1.0,pack,Biscuits & Crackers,90g
2026-04-16,Peckish Barbecue Flavoured Rice Crackers,1.0,pack,Biscuits & Crackers,90g
2026-04-16,Arnott's Tim Tam Original Chocolate Biscuits,1.0,pack,Biscuits & Crackers,200g
2026-04-16,Trident Premium Coconut Milk,1.0,pack,Canned Foods & Packets,400ml
2026-04-16,Pams Free Range Boneless Skinless Chicken Thighs,2.0,pack,Chicken & Poultry,400g
2026-04-16,Tegel Free Range Oven Ready Sage & Onion Roast Fresh Chicken,1.0,pack,Chicken & Poultry,1.5kg
2026-04-16,Pams Free Range Boneless Skinless Chicken Breast,2.0,pack,Chicken & Poultry,400g
2026-04-16,Act II Butter Flavour Microwave Popcorn,2.0,pack,"Chips, Nuts & Snacks",85g
2026-04-16,Mother Earth Roasted & Lightly Salted Cashews,1.0,pack,"Chips, Nuts & Snacks",150g
2026-04-16,Tasti Salted Caramel Nut Bar,1.0,pack,"Chips, Nuts & Snacks",6 x 35g
2026-04-16,Hellers Mild Biersticks,1.0,pack,Deli Meats & Smoked Fish,168g
2026-04-16,Beehive Shaved Champagne Ham,2.0,pack,Deli Meats & Smoked Fish,100g
2026-04-16,Woodland Free Range Grade 8 Eggs,1.0,pack,Eggs,10pk
2026-04-16,Bananas,8.0,kg,Fruit,
2026-04-16,Primor Prepacked Avocados,1.0,pack,Fruit,1kg
2026-04-16,NZ Strawberries,2.0,pack,Fruit,250g
2026-04-16,Yummy Fruit Royal Gala Apples,1.0,pack,Fruit,1.5kg
2026-04-16,Round Cheese Rolls,1.0,pack,In-Store Bakery,6pk
2026-04-16,Boring No Added Sugar Oat Milk,2.0,pack,Long Life & Dairy Free Milk,1l
2026-04-16,Pams Value Standard Milk,1.0,pack,Milk,2l
2026-04-16,Indomie Mi Goreng Barbeque Chicken Instant Cup Noodles,4.0,pack,"Pasta, Rice & Noodles",75g
2026-04-16,High Mark Round Cut Egg Noodles,1.0,pack,"Pasta, Rice & Noodles",280g
2026-04-16,Pork Sirloin Steak,600.0,g,Pork & Ham,kg
2026-04-16,Freya's Swiss Soya Linseed Bread,2.0,pack,Sliced & Packaged Bread,750g
2026-04-16,Telegraph Cucumber,2.0,each,Vegetables,
2026-04-16,Pams Fresh Cherry Tomatoes,2.0,pack,Vegetables,250g
2026-04-16,Pams Baby Spinach,2.0,pack,Vegetables,120g
2026-04-16,Red Capsicum,3.0,each,Vegetables,
2026-04-16,Loose Red Onions,1.0,kg,Vegetables,
2026-04-16,Broccoli,2.0,each,Vegetables,
2026-04-16,Cauliflower,1.0,each,Vegetables,
2026-04-16,White Button Mushrooms,10.0,kg,Vegetables,
2026-04-16,Pams Brushed Agria Potatoes,1.0,pack,Vegetables,3kg
2026-04-16,Red Kumara,1.0,pack,Vegetables,900g
2026-04-16,Farrah's Kids White Snack Wraps,1.0,pack,"Wraps, Pita & Flat Bread",8pk
2026-04-16,Pams White Round Pita Bread,1.0,pack,"Wraps, Pita & Flat Bread",8 x 43.8g
2026-04-16,Moogurt Suckies Vanilla Custard Probiotic Yoghurt Pouch,1.0,pack,Yoghurt,5 x 70g
2026-04-16,Anchor Uno Smooth Mixed Berry Yoghurt,1.0,pack,Yoghurt,12 x 100g
2026-04-16,Meadow Fresh Kalo Natural Greek Yoghurt,1.0,pack,Yoghurt,800g
2026-04-24,Sun Valley Foods 100s & 1000s Sprinkles,1.0,pack,Baking Supplies & Sugar,60g
2026-04-24,Hellers Craft Angus Beef Sausages,1.0,pack,Beef,6pk
2026-04-24,Affco Premium Beef Mince,1.0,pack,Beef,1kg
2026-04-24,Real Foods Corn Thins Sour Cream & Chives,1.0,pack,Biscuits & Crackers,125g
2026-04-24,Pams Rolled Oats,1.0,pack,Breakfast Cereals,750g
2026-04-24,Trident Premium Coconut Milk,1.0,pack,Canned Foods & Packets,400ml
2026-04-24,Pams Mild Cheese,1.0,pack,Cheese,1kg
2026-04-24,Chesdale Processed Tasty Cheese Slices,1.0,pack,Cheese,250g
2026-04-24,Tegel Free Range Oven Ready Sage & Onion Roast Fresh Chicken,1.0,pack,Chicken & Poultry,1.5kg
2026-04-24,Act II Butter Flavour Microwave Popcorn,2.0,pack,"Chips, Nuts & Snacks",85g
2026-04-24,Mother Earth Roasted & Lightly Salted Cashews,1.0,pack,"Chips, Nuts & Snacks",150g
2026-04-24,Tasti Salted Caramel Nut Bar,1.0,pack,"Chips, Nuts & Snacks",6 x 35g
2026-04-24,Eta Ripple Cut Chicken Potato Chips,2.0,pack,"Chips, Nuts & Snacks",150g
2026-04-24,Eta Ripple Cut Sour Cream & Chives Potato Chips,1.0,pack,"Chips, Nuts & Snacks",150g
2026-04-24,Calbee Harvest Snaps Salt & Vinegar Flavour Baked Pea Crisps,2.0,pack,"Chips, Nuts & Snacks",120g
2026-04-24,Morinaga Hi-Chew Original Mix Family Pack Chewy Fruit Candy,1.0,pack,"Chocolate, Sweets & Chewing Gum",200g
2026-04-24,Morinaga Hi-Chew Sweet & Sour Mix,2.0,pack,"Chocolate, Sweets & Chewing Gum",90g
2026-04-24,Whittaker's Dark Salted Caramel 62% Cocoa Dark Chocolate Block,1.0,pack,"Chocolate, Sweets & Chewing Gum",250g
2026-04-24,Hellers Mild Biersticks,1.0,pack,Deli Meats & Smoked Fish,168g
2026-04-24,Beehive Shaved Champagne Ham,1.0,pack,Deli Meats & Smoked Fish,100g
2026-04-24,Woodland Free Range Grade 8 Eggs,1.0,pack,Eggs,10pk
2026-04-24,Bananas,8.0,kg,Fruit,
2026-04-24,NZ Strawberries,1.0,pack,Fruit,250g
2026-04-24,Yummy Fruit Royal Gala Apples,1.0,pack,Fruit,1.5kg
2026-04-24,Avocado,3.0,each,Fruit,
2026-04-24,Round Cheese Rolls,1.0,pack,In-Store Bakery,6pk
2026-04-24,Artisan Baguette,1.0,pack,In-Store Bakery,1pk
2026-04-24,Fix & Fogg Everything Butter Peanut Butter,1.0,pack,"Jams, Honey & Spreads",500g
2026-04-24,Just Juice Tropical Fruit Juice,1.0,pack,Juice & Smoothies,1l
2026-04-24,Just Juice Bubbles Tropical With Lemonade Soft Drink,2.0,pack,Juice & Smoothies,1.25l
2026-04-24,Boring No Added Sugar Oat Milk,2.0,pack,Long Life & Dairy Free Milk,1l
2026-04-24,Pams Value Standard Milk,1.0,pack,Milk,2l
2026-04-24,Diamond Zoo Animals Pasta,1.0,pack,"Pasta, Rice & Noodles",350g
2026-04-24,Freya's Swiss Soya Linseed Bread,2.0,pack,Sliced & Packaged Bread,750g
2026-04-24,Nature's Fresh White Sandwich Bread,1.0,pack,Sliced & Packaged Bread,700g
2026-04-24,Sprite Sprite Zero Sugar Cans,1.0,pack,Soft Drinks & Mixers,24 x 330ml
2026-04-24,Mrs Rogers Naturals Eco Garam Masala,1.0,pack,"Spices, Seasoning & Coatings",35g
2026-04-24,Mrs Rogers Naturals Eco Curry Powder,1.0,pack,"Spices, Seasoning & Coatings",40g
2026-04-24,Telegraph Cucumber,1.0,each,Vegetables,
2026-04-24,Pams Fresh Cherry Tomatoes,2.0,pack,Vegetables,250g
2026-04-24,Pams Baby Spinach,2.0,pack,Vegetables,120g
2026-04-24,Red Capsicum,3.0,each,Vegetables,
2026-04-24,Loose Red Onions,1.0,kg,Vegetables,
2026-04-24,Broccoli,2.0,each,Vegetables,
2026-04-24,Cauliflower,1.0,each,Vegetables,
2026-04-24,Pams Brushed Agria Potatoes,1.0,pack,Vegetables,3kg
2026-04-24,Red Kumara,1.0,pack,Vegetables,900g
2026-04-24,Value Fresh Carrots,1.0,pack,Vegetables,2kg
2026-04-24,Pams Iceberg Lettuce,1.0,pack,Vegetables,1pk
2026-04-24,Pams Flour Tortillas,1.0,pack,World Foods,15 x 43g
2026-04-24,Farrah's Kids White Snack Wraps,1.0,pack,"Wraps, Pita & Flat Bread",8pk
2026-04-24,Pams White Round Pita Bread,1.0,pack,"Wraps, Pita & Flat Bread",8 x 43.8g
2026-04-24,Moogurt Suckies Vanilla Custard Probiotic Yoghurt Pouch,1.0,pack,Yoghurt,5 x 70g
2026-04-24,Anchor Uno Smooth Mixed Berry Yoghurt,1.0,pack,Yoghurt,12 x 100g
2026-04-24,Meadow Fresh Kalo Natural Greek Yoghurt,1.0,pack,Yoghurt,800g
2026-05-01,Nature's Fresh English Muffin Splits,1.0,pack,"Bagels, Crumpets & Pancakes",6pk
2026-05-01,Real Foods Corn Thins Sour Cream & Chives,1.0,pack,Biscuits & Crackers,125g
2026-05-01,Peckish Barbecue Flavoured Rice Crackers,1.0,pack,Biscuits & Crackers,90g
2026-05-01,Tegel Free Range Oven Ready Sage & Onion Roast Fresh Chicken,1.0,pack,Chicken & Poultry,1.5kg
2026-05-01,Pams Free Range Boneless Skinless Chicken Thighs,1.0,pack,Chicken & Poultry,400g
2026-05-01,Act II Butter Flavour Microwave Popcorn,2.0,pack,"Chips, Nuts & Snacks",85g
2026-05-01,Cleanery Gardenia Multipurpose Cleaner Concentrate,1.0,pack,Cleaning & Accessories,16g
2026-05-01,Hellers Mild Biersticks,1.0,pack,Deli Meats & Smoked Fish,168g
2026-05-01,Beehive Shaved Champagne Ham,1.0,pack,Deli Meats & Smoked Fish,100g
2026-05-01,Woodland Free Range Grade 8 Eggs,1.0,pack,Eggs,10pk
2026-05-01,The Berry Fix Snap Frozen Mixed Berries,1.0,pack,Frozen Fruit & Desserts,1.5kg
2026-05-01,Bananas,8.0,kg,Fruit,
2026-05-01,Yummy Fruit Royal Gala Apples,1.0,pack,Fruit,1.5kg
2026-05-01,Avocado,3.0,each,Fruit,
2026-05-01,Round Cheese Rolls,1.0,pack,In-Store Bakery,6pk
2026-05-01,Artisan Baguette,1.0,pack,In-Store Bakery,1pk
2026-05-01,Fix & Fogg Everything Butter Peanut Butter,1.0,pack,"Jams, Honey & Spreads",500g
2026-05-01,Boring No Added Sugar Oat Milk,1.0,pack,Long Life & Dairy Free Milk,1l
2026-05-01,Pams Value Standard Milk,1.0,pack,Milk,2l
2026-05-01,Diamond Zoo Animals Pasta,1.0,pack,"Pasta, Rice & Noodles",350g
2026-05-01,Freya's Swiss Soya Linseed Bread,1.0,pack,Sliced & Packaged Bread,750g
2026-05-01,Telegraph Cucumber,1.0,each,Vegetables,
2026-05-01,Pams Fresh Cherry Tomatoes,2.0,pack,Vegetables,250g
2026-05-01,Pams Baby Spinach,2.0,pack,Vegetables,120g
2026-05-01,Red Capsicum,1.0,each,Vegetables,
2026-05-01,Loose Red Onions,1.0,kg,Vegetables,
2026-05-01,Broccoli,1.0,each,Vegetables,
2026-05-01,Red Kumara,1.0,pack,Vegetables,900g
2026-05-01,Pams Iceberg Lettuce,1.0,pack,Vegetables,1pk
2026-05-01,Pams Flour Tortillas,1.0,pack,World Foods,15 x 43g
2026-05-01,Farrah's Kids White Snack Wraps,1.0,pack,"Wraps, Pita & Flat Bread",8pk
2026-05-01,Pams White Round Pita Bread,1.0,pack,"Wraps, Pita & Flat Bread",8 x 43.8g
2026-05-01,Moogurt Suckies Vanilla Custard Probiotic Yoghurt Pouch,1.0,pack,Yoghurt,5 x 70g
2026-05-01,Meadow Fresh Kalo Natural Greek Yoghurt,1.0,pack,Yoghurt,800g
2026-05-08,Nature's Fresh English Muffin Splits,1.0,pack,"Bagels, Crumpets & Pancakes",6pk
2026-05-08,Real Foods Corn Thins Sour Cream & Chives,1.0,pack,Biscuits & Crackers,125g
2026-05-08,Peckish Barbecue Flavoured Rice Crackers,1.0,pack,Biscuits & Crackers,90g
2026-05-08,Olivani Olive Oil Spread,1.0,pack,Butter & Margarine,500g
2026-05-08,Pams Italian Diced Tomatoes,4.0,pack,Canned Foods & Packets,400g
2026-05-08,Tegel Free Range Oven Ready Sage & Onion Roast Fresh Chicken,1.0,pack,Chicken & Poultry,1.5kg
2026-05-08,Pams Free Range Boneless Skinless Chicken Thighs,1.0,pack,Chicken & Poultry,400g
2026-05-08,Act II Butter Flavour Microwave Popcorn,1.0,pack,"Chips, Nuts & Snacks",85g
2026-05-08,Whittaker's Almond & Honey Nougat Chocolate,1.0,pack,"Chocolate, Sweets & Chewing Gum",250g
2026-05-08,Cleanery Gardenia Multipurpose Cleaner Concentrate,1.0,pack,Cleaning & Accessories,16g
2026-05-08,Hellers Mild Biersticks,2.0,pack,Deli Meats & Smoked Fish,168g
2026-05-08,Beehive Shaved Champagne Ham,1.0,pack,Deli Meats & Smoked Fish,100g
2026-05-08,Woodland Free Range Grade 8 Eggs,1.0,pack,Eggs,10pk
2026-05-08,The Berry Fix Snap Frozen Mixed Berries,1.0,pack,Frozen Fruit & Desserts,1.5kg
2026-05-08,Bananas,8.0,kg,Fruit,
2026-05-08,Yummy Fruit Royal Gala Apples,1.0,pack,Fruit,1.5kg
2026-05-08,Avocado,3.0,each,Fruit,
2026-05-08,Round Cheese Rolls,1.0,pack,In-Store Bakery,6pk
2026-05-08,Vegemite Spread,1.0,pack,"Jams, Honey & Spreads",380g
2026-05-08,Boring No Added Sugar Oat Milk,2.0,pack,Long Life & Dairy Free Milk,1l
2026-05-08,Pams Value Standard Milk,1.0,pack,Milk,2l
2026-05-08,Diamond Zoo Animals Pasta,1.0,pack,"Pasta, Rice & Noodles",350g
2026-05-08,Freya's Swiss Soya Linseed Bread,2.0,pack,Sliced & Packaged Bread,750g
2026-05-08,Mrs Rogers Naturals Eco Black Mustard Seeds,1.0,pack,"Spices, Seasoning & Coatings",40g
2026-05-08,Mrs Rogers Naturals Eco Yellow Mustard Seeds,1.0,pack,"Spices, Seasoning & Coatings",40g
2026-05-08,Telegraph Cucumber,1.0,each,Vegetables,
2026-05-08,Pams Fresh Cherry Tomatoes,2.0,pack,Vegetables,250g
2026-05-08,Pams Baby Spinach,1.0,pack,Vegetables,120g
2026-05-08,Red Capsicum,1.0,each,Vegetables,
2026-05-08,Loose Red Onions,1.0,kg,Vegetables,
2026-05-08,Broccoli,1.0,each,Vegetables,
2026-05-08,Value Brown Onions,1.0,pack,Vegetables,2kg
2026-05-08,Pams White Round Pita Bread,1.0,pack,"Wraps, Pita & Flat Bread",8 x 43.8g
2026-05-08,Moogurt Suckies Vanilla Custard Probiotic Yoghurt Pouch,1.0,pack,Yoghurt,5 x 70g
2026-05-08,Meadow Fresh Kalo Natural Greek Yoghurt,1.0,pack,Yoghurt,800g
2026-05-15,Hellers Craft Angus Beef Sausages,1.0,pack,Beef,6pk
2026-05-15,Real Foods Corn Thins Sour Cream & Chives,1.0,pack,Biscuits & Crackers,125g
2026-05-15,Peckish Barbecue Flavoured Rice Crackers,1.0,pack,Biscuits & Crackers,90g
2026-05-15,Peckish Cheddar Cheese Flavoured Rice Crackers,1.0,pack,Biscuits & Crackers,90g
2026-05-15,Arnott's Shapes Originals Pizza Crackers,1.0,pack,Biscuits & Crackers,190g
2026-05-15,Griffin's Super Wine Biscuits,1.0,pack,Biscuits & Crackers,250g
2026-05-15,Pams Free Range Boneless Skinless Chicken Thighs,3.0,pack,Chicken & Poultry,400g
2026-05-15,Act II Butter Flavour Microwave Popcorn,1.0,pack,"Chips, Nuts & Snacks",85g
2026-05-15,Calbee Harvest Snaps Salt & Vinegar Flavour Baked Pea Crisps,1.0,pack,"Chips, Nuts & Snacks",120g
2026-05-15,Havana Super Deluxe Coffee Beans,1.0,pack,Coffee,200g
2026-05-15,Pams Tomato Passata,1.0,pack,"Cooking Sauces, Stocks & Marinades",500g
2026-05-15,Pams Fresh Cream,1.0,pack,"Cream, Custard & Desserts",300ml
2026-05-15,Hellers Mild Biersticks,2.0,pack,Deli Meats & Smoked Fish,168g
2026-05-15,Beehive Shaved Champagne Ham,2.0,pack,Deli Meats & Smoked Fish,100g
2026-05-15,Nivea Double Effect 72hr Protection Anti-Perspirant Deodorant Roll On,1.0,pack,Deodorant & Body Sprays,50ml
2026-05-15,Woodland Free Range Grade 8 Eggs,1.0,pack,Eggs,10pk
2026-05-15,The Berry Fix Snap Frozen Mixed Berries,1.0,pack,Frozen Fruit & Desserts,1.5kg
2026-05-15,Bananas,8.0,kg,Fruit,
2026-05-15,Yummy Fruit Royal Gala Apples,1.0,pack,Fruit,1.5kg
2026-05-15,Avocado,1.0,each,Fruit,
2026-05-15,Seedless Green Grapes,500.0,g,Fruit,kg
2026-05-15,Round Cheese Rolls,1.0,pack,In-Store Bakery,6pk
2026-05-15,Boring No Added Sugar Oat Milk,2.0,pack,Long Life & Dairy Free Milk,1l
2026-05-15,Pams Value Standard Milk,1.0,pack,Milk,2l
2026-05-15,Diamond Zoo Animals Pasta,1.0,pack,"Pasta, Rice & Noodles",350g
2026-05-15,Schick Silk 2 Sensitive Disposable Razor,1.0,pack,Shaving & Hair Removal,5pk
2026-05-15,Freya's Swiss Soya Linseed Bread,2.0,pack,Sliced & Packaged Bread,750g
2026-05-15,Ginger,160.0,g,"Spices, Seasoning & Coatings",kg
2026-05-15,Telegraph Cucumber,1.0,each,Vegetables,
2026-05-15,Pams Fresh Cherry Tomatoes,2.0,pack,Vegetables,250g
2026-05-15,Loose Red Onions,1.0,kg,Vegetables,
2026-05-15,Broccoli,1.0,each,Vegetables,
2026-05-15,Pams Baby Spinach,1.0,pack,Vegetables,120g
2026-05-15,Pams White Round Pita Bread,1.0,pack,"Wraps, Pita & Flat Bread",8 x 43.8g
2026-05-15,Farrah's Kids White Snack Wraps,2.0,pack,"Wraps, Pita & Flat Bread",8pk
2026-05-15,Moogurt Suckies Vanilla Custard Probiotic Yoghurt Pouch,1.0,pack,Yoghurt,5 x 70g
2026-05-15,Meadow Fresh Kalo Natural Greek Yoghurt,1.0,pack,Yoghurt,800g
2026-05-15,Anchor Uno Smooth Mixed Berry Yoghurt,1.0,pack,Yoghurt,12 x 100g
2026-01-30,NZ Premium Beef Mince,1.5,kg,Beef,kg
2026-01-30,Real Foods Corn Thins Sour Cream & Chives,1.0,pack,Biscuits & Crackers,125g
2026-01-30,Peckish Cheddar Cheese Flavoured Rice Crackers,1.0,pack,Biscuits & Crackers,90g
2026-01-30,Peckish Barbecue Flavoured Rice Crackers,1.0,pack,Biscuits & Crackers,90g
2026-01-30,Sanitarium Weet-Bix Breakfast Cereal,1.0,pack,Breakfast Cereals,1.2kg
2026-01-30,Pams Rice Snaps,1.0,pack,Breakfast Cereals,460g
2026-01-30,Pams Pure Butter,1.0,pack,Butter & Margarine,500g
2026-01-30,Trident Premium Coconut Milk,1.0,pack,Canned Foods & Packets,400ml
2026-01-30,Pams Free Range Boneless Skinless Chicken Thighs,3.0,pack,Chicken & Poultry,400g
2026-01-30,Cinderella Reduced Sugar Dried Mango,1.0,pack,"Chips, Nuts & Snacks",100g
2026-01-30,Act II Butter Flavour Microwave Popcorn,4.0,pack,"Chips, Nuts & Snacks",85g
2026-01-30,Calbee Harvest Snaps Salt & Vinegar Flavour Baked Pea Crisps,1.0,pack,"Chips, Nuts & Snacks",120g
2026-01-30,Hellers Mild Biersticks,2.0,pack,Deli Meats & Smoked Fish,168g
2026-01-30,Verkerks Mini Peperoni Salami,1.0,pack,Deli Meats & Smoked Fish,300g
2026-01-30,Woodland Free Range Grade 8 Eggs,1.0,pack,Eggs,10pk
2026-01-30,Superb Herb Coriander Pot,1.0,each,Fresh Salad & Herbs,
2026-01-30,Mama San Shelled Edamame Soybeans,1.0,pack,Frozen Foods,454g
2026-01-30,The Berry Fix Mango,1.0,pack,Frozen Fruit & Desserts,1.5kg
2026-01-30,Bananas,8.0,kg,Fruit,
2026-01-30,Primor Prepacked Avocados,1.0,pack,Fruit,1kg
2026-01-30,NZ Strawberries,2.0,pack,Fruit,250g
2026-01-30,Braeburn Apples,12.0,kg,Fruit,
2026-01-30,Lemons,1.0,kg,Fruit,
2026-01-30,NZ Yummy Hunny Nectarines,1.0,pack,Fruit & Vegetables,800g
2026-01-30,Boring No Added Sugar Oat Milk,2.0,pack,Long Life & Dairy Free Milk,1l
2026-01-30,Pams Value Standard Milk,1.0,pack,Milk,2l
2026-01-30,Indomie Mi Goreng Barbeque Chicken Instant Cup Noodles,6.0,pack,"Pasta, Rice & Noodles",75g
2026-01-30,Pams Jasmine Rice,1.0,pack,"Pasta, Rice & Noodles",1kg
2026-01-30,SunRice Brown Rice & Quinoa Cups,1.0,pack,"Pasta, Rice & Noodles",2 x 125g
2026-01-30,Garofalo Orzo Pasta,1.0,pack,"Pasta, Rice & Noodles",500g
2026-01-30,Freya's Swiss Soya Linseed Bread,2.0,pack,Sliced & Packaged Bread,750g
2026-01-30,Gregg's Sumac Ground Blend,1.0,pack,"Spices, Seasoning & Coatings",30g
2026-01-30,Kewpie Japan Made Mayonnaise,1.0,pack,"Table Sauces, Dressings & Condiments",450g
2026-01-30,Telegraph Cucumber,2.0,each,Vegetables,
2026-01-30,Pams Fresh Cherry Tomatoes,2.0,pack,Vegetables,250g
2026-01-30,Pams Baby Spinach,1.0,pack,Vegetables,120g
2026-01-30,Red Capsicum,1.0,each,Vegetables,
2026-01-30,Pams Brushed Agria Potatoes,1.0,pack,Vegetables,3kg
2026-01-30,Loose Red Onions,2.0,kg,Vegetables,
2026-01-30,Uchibori Rice Vinegar,1.0,pack,World Foods,500ml
2026-01-30,Farrah's Kids White Snack Wraps,1.0,pack,"Wraps, Pita & Flat Bread",8pk
2026-01-30,Giannis Flat Breads,1.0,pack,"Wraps, Pita & Flat Bread",4pk
2026-01-30,Moogurt Suckies Vanilla Custard Probiotic Yoghurt Pouch,1.0,pack,Yoghurt,5 x 70g
2026-01-30,Meadow Fresh Kalo Natural Greek Yoghurt,2.0,pack,Yoghurt,800g
2026-02-05,Tasti Sesame Seeds,1.0,pack,Baking Supplies & Sugar,100g
2026-02-05,Hellers Craft Angus Beef Sausages,2.0,pack,Beef,6pk
2026-02-05,NZ Beef Mince,300.0,g,Beef,kg
2026-02-05,Real Foods Corn Thins Sour Cream & Chives,2.0,pack,Biscuits & Crackers,125g
2026-02-05,Peckish Cheddar Cheese Flavoured Rice Crackers,1.0,pack,Biscuits & Crackers,90g
2026-02-05,Peckish Barbecue Flavoured Rice Crackers,1.0,pack,Biscuits & Crackers,90g
2026-02-05,Arnott's Cheeseboard Cracker Assortment,1.0,pack,Biscuits & Crackers,250g
2026-02-05,Arnott's Shapes Originals Chicken Crimpy Crackers,1.0,pack,Biscuits & Crackers,175g
2026-02-05,Arnott's Shapes Originals Pizza Crackers,1.0,pack,Biscuits & Crackers,190g
2026-02-05,Griffin's Stripes Biscuits,1.0,pack,Biscuits & Crackers,200g
2026-02-05,Roasted Unsalted Almonds,100.0,g,Bulk Foods,kg
2026-02-05,Trident Premium Coconut Milk,1.0,pack,Canned Foods & Packets,400ml
2026-02-05,Pams Italian Diced Tomatoes,4.0,pack,Canned Foods & Packets,400g
2026-02-05,Puhoi Valley Single Cream Brie Cheese,1.0,pack,Cheese,125g
2026-02-05,Mersey Valley Club Classic Vintage Club Cheddar Cheese,1.0,pack,Cheese,235g
2026-02-05,Act II Butter Flavour Microwave Popcorn,2.0,pack,"Chips, Nuts & Snacks",85g
2026-02-05,Calbee Harvest Snaps Salt & Vinegar Flavour Baked Pea Crisps,1.0,pack,"Chips, Nuts & Snacks",120g
2026-02-05,Bluebird Originals Chicken Potato Chips,2.0,pack,"Chips, Nuts & Snacks",150g
2026-02-05,Snacka Changi Chips Vinegar & Salt Kettle Fried Potato Chips,1.0,pack,"Chips, Nuts & Snacks",150g
2026-02-05,Pop'n'Good Butter Max Popcorn,1.0,pack,"Chips, Nuts & Snacks",150g
2026-02-05,Tasti Protein Fix Salted Caramel Bars,1.0,pack,"Chips, Nuts & Snacks",5 x 45g
2026-02-05,Mother Earth Nutty Sensations Tamari Almonds,1.0,pack,"Chips, Nuts & Snacks",140g
2026-02-05,Skittles Fruits Chewy Lollies Bag,1.0,pack,"Chocolate, Sweets & Chewing Gum",200g
2026-02-05,Morinaga Hi-Chew Original Mix Family Pack Chewy Fruit Candy,1.0,pack,"Chocolate, Sweets & Chewing Gum",200g
2026-02-05,RJ's Chocolate Raspberry Balls,1.0,pack,"Chocolate, Sweets & Chewing Gum",220g
2026-02-05,Parrotdog Yellowhammer Hazy Pale Ale Beer Cans,1.0,pack,Craft Beer,6 x 330ml
2026-02-05,Parrotdog Birdseye Hazy IPA Beer Cans,1.0,pack,Craft Beer,6 x 330ml
2026-02-05,Hellers Mild Biersticks,2.0,pack,Deli Meats & Smoked Fish,168g
2026-02-05,Woodland Free Range Grade 8 Eggs,1.0,pack,Eggs,10pk
2026-02-05,The Berry Fix Mango,1.0,pack,Frozen Fruit & Desserts,1.5kg
2026-02-05,Bananas,8.0,kg,Fruit,
2026-02-05,Primor Prepacked Avocados,1.0,pack,Fruit,1kg
2026-02-05,NZ Strawberries,2.0,pack,Fruit,250g
2026-02-05,Braeburn Apples,12.0,kg,Fruit,
2026-02-05,Lemons,1.0,kg,Fruit,
2026-02-05,NZ Yummy Hunny Nectarines,1.0,pack,Fruit & Vegetables,800g
2026-02-05,Boring No Added Sugar Oat Milk,2.0,pack,Long Life & Dairy Free Milk,1l
2026-02-05,Pams Value Standard Milk,1.0,pack,Milk,2l
2026-02-05,Gancia Prosecco Doc,1.0,pack,Mini Wine Bottles & Cans,3 x 200ml
2026-02-05,Indomie Mi Goreng Barbeque Chicken Instant Cup Noodles,6.0,pack,"Pasta, Rice & Noodles",75g
2026-02-05,Pams Jasmine Rice,1.0,pack,"Pasta, Rice & Noodles",1kg
2026-02-05,SunRice Brown Rice & Quinoa Cups,1.0,pack,"Pasta, Rice & Noodles",2 x 125g
2026-02-05,Freya's Swiss Soya Linseed Bread,1.0,pack,Sliced & Packaged Bread,750g
2026-02-05,Telegraph Cucumber,1.0,each,Vegetables,
2026-02-05,Pams Fresh Cherry Tomatoes,2.0,pack,Vegetables,250g
2026-02-05,Pams Baby Spinach,1.0,pack,Vegetables,120g
2026-02-05,Red Capsicum,1.0,each,Vegetables,
2026-02-05,Loose Red Onions,2.0,kg,Vegetables,
2026-02-05,Broccoli,1.0,each,Vegetables,
2026-02-05,Green Cabbage Half,1.0,each,Vegetables,
2026-02-05,Pams Flour Tortillas,1.0,pack,World Foods,10 x 43g
2026-02-05,Farrah's Kids White Snack Wraps,2.0,pack,"Wraps, Pita & Flat Bread",8pk
2026-02-05,Moogurt Suckies Vanilla Custard Probiotic Yoghurt Pouch,1.0,pack,Yoghurt,5 x 70g
2026-02-05,Meadow Fresh Kalo Natural Greek Yoghurt,2.0,pack,Yoghurt,800g
2026-03-13,Nature's Fresh English Muffin Splits,1.0,pack,"Bagels, Crumpets & Pancakes",6pk
2026-03-13,Hellers Craft Angus Beef Sausages,1.0,pack,Beef,6pk
2026-03-13,Real Foods Corn Thins Sour Cream & Chives,2.0,pack,Biscuits & Crackers,125g
2026-03-13,Peckish Cheddar Cheese Flavoured Rice Crackers,1.0,pack,Biscuits & Crackers,90g
2026-03-13,Peckish Barbecue Flavoured Rice Crackers,1.0,pack,Biscuits & Crackers,90g
2026-03-13,Arnott's Shapes Originals Pizza Crackers,1.0,pack,Biscuits & Crackers,190g
2026-03-13,Pams Rice Snaps,1.0,pack,Breakfast Cereals,275g
2026-03-13,Roasted Unsalted Almonds,100.0,g,Bulk Foods,kg
2026-03-13,Paneton Ready To Bake Garlic Rolls,1.0,pack,"Burger Buns, Rolls & Garlic Bread",420g
2026-03-13,Trident Premium Coconut Milk,1.0,pack,Canned Foods & Packets,400ml
2026-03-13,Pams Italian Diced Tomatoes,4.0,pack,Canned Foods & Packets,400g
2026-03-13,Purina Cat Chow Adult Complete Chicken Dry Cat Food,1.0,pack,Cat,1.42kg
2026-03-13,Pams Mild Cheese,1.0,pack,Cheese,1kg
2026-03-13,Pams Free Range Boneless Skinless Chicken Thighs,2.0,pack,Chicken & Poultry,400g
2026-03-13,Tegel Free Range Oven Ready Sage & Onion Roast Fresh Chicken,1.0,pack,Chicken & Poultry,1.5kg
2026-03-13,Pams Free Range Boneless Skinless Chicken Breast,1.0,pack,Chicken & Poultry,400g
2026-03-13,Act II Butter Flavour Microwave Popcorn,2.0,pack,"Chips, Nuts & Snacks",85g
2026-03-13,Calbee Harvest Snaps Salt & Vinegar Flavour Baked Pea Crisps,1.0,pack,"Chips, Nuts & Snacks",120g
2026-03-13,Mother Earth Roasted & Lightly Salted Cashews,1.0,pack,"Chips, Nuts & Snacks",150g
2026-03-13,Tom & Luke Double Choc Berry Snackaballs,1.0,pack,"Chips, Nuts & Snacks",374g
2026-03-13,Campbell's Real Stock Chicken Stock Liquid,1.0,pack,"Cooking Sauces, Stocks & Marinades",1l
2026-03-13,Maggi Roast Chicken Flavoured Gravy Mix,1.0,pack,"Cooking Sauces, Stocks & Marinades",3pk
2026-03-13,Hellers Mild Biersticks,1.0,pack,Deli Meats & Smoked Fish,168g
2026-03-13,Beehive Shaved Champagne Ham,1.0,pack,Deli Meats & Smoked Fish,100g
2026-03-13,Grandpa's Meat & Bacon Co. Manuka Smoked Streaky Bacon,1.0,pack,Deli Meats & Smoked Fish,1kg
2026-03-13,Premier Premier Champagne Ham,200.0,g,Deli Meats & Smoked Fish,kg
2026-03-13,Superb Herb Mint Pot,1.0,each,Fresh Salad & Herbs,
2026-03-13,Cookie Time Bake Fresh Original Chocolate Chunk Cookie Dough,1.0,pack,Frozen Foods,360g
2026-03-13,Bananas,8.0,kg,Fruit,
2026-03-13,Primor Prepacked Avocados,1.0,pack,Fruit,1kg
2026-03-13,NZ Strawberries,2.0,pack,Fruit,250g
2026-03-13,Lemons,1.0,kg,Fruit,
2026-03-13,Yummy Fruit Royal Gala Apples,1.0,pack,Fruit,1.5kg
2026-03-13,Artisan Baguette,1.0,pack,In-Store Bakery,1pk
2026-03-13,Lamb Loin Chops,800.0,g,Lamb,kg
2026-03-13,Boring No Added Sugar Oat Milk,2.0,pack,Long Life & Dairy Free Milk,1l
2026-03-13,Pams Value Standard Milk,1.0,pack,Milk,2l
2026-03-13,Indomie Mi Goreng Barbeque Chicken Instant Cup Noodles,4.0,pack,"Pasta, Rice & Noodles",75g
2026-03-13,Freya's Swiss Soya Linseed Bread,2.0,pack,Sliced & Packaged Bread,750g
2026-03-13,Kewpie Japan Made Mayonnaise,1.0,pack,"Table Sauces, Dressings & Condiments",450g
2026-03-13,Telegraph Cucumber,2.0,each,Vegetables,
2026-03-13,Pams Fresh Cherry Tomatoes,1.0,pack,Vegetables,250g
2026-03-13,Pams Baby Spinach,1.0,pack,Vegetables,120g
2026-03-13,Red Capsicum,2.0,each,Vegetables,
2026-03-13,Loose Red Onions,2.0,kg,Vegetables,
2026-03-13,Broccoli,2.0,each,Vegetables,
2026-03-13,Pams Brushed Agria Potatoes,1.0,pack,Vegetables,3kg
2026-03-13,Value Fresh Carrots,1.0,pack,Vegetables,2kg
2026-03-13,Cauliflower,1.0,each,Vegetables,
2026-03-13,White Button Mushrooms,10.0,kg,Vegetables,
2026-03-13,Farrah's Kids White Snack Wraps,2.0,pack,"Wraps, Pita & Flat Bread",8pk
2026-03-13,Moogurt Suckies Vanilla Custard Probiotic Yoghurt Pouch,1.0,pack,Yoghurt,5 x 70g
2026-03-13,Anchor Uno Smooth Mixed Berry Yoghurt,1.0,pack,Yoghurt,12 x 100g
2026-03-19,Nature's Fresh English Muffin Splits,1.0,pack,"Bagels, Crumpets & Pancakes",6pk
2026-03-19,Pams Dark Cooking Chocolate,1.0,pack,Baking Supplies & Sugar,200g
2026-03-19,Palmolive Naturals Moisturising Milk & Honey Liquid Hand Wash Refill,1.0,pack,"Bath, Shower & Soap",1l
2026-03-19,Hellers Craft Angus Beef Sausages,1.0,pack,Beef,6pk
2026-03-19,Real Foods Corn Thins Sour Cream & Chives,1.0,pack,Biscuits & Crackers,125g
2026-03-19,Peckish Cheddar Cheese Flavoured Rice Crackers,1.0,pack,Biscuits & Crackers,90g
2026-03-19,Peckish Barbecue Flavoured Rice Crackers,1.0,pack,Biscuits & Crackers,90g
2026-03-19,Arnott's Shapes Originals Pizza Crackers,1.0,pack,Biscuits & Crackers,190g
2026-03-19,Arnott's Tim Tam Original Chocolate Biscuits,1.0,pack,Biscuits & Crackers,200g
2026-03-19,Roasted Unsalted Almonds,100.0,g,Bulk Foods,kg
2026-03-19,Paneton Ready To Bake Garlic Rolls,1.0,pack,"Burger Buns, Rolls & Garlic Bread",420g
2026-03-19,Olivani Olive Oil Spread,1.0,pack,Butter & Margarine,1kg
2026-03-19,Pams Free Range Boneless Skinless Chicken Thighs,2.0,pack,Chicken & Poultry,400g
2026-03-19,Tegel Free Range Oven Ready Sage & Onion Roast Fresh Chicken,1.0,pack,Chicken & Poultry,1.5kg
2026-03-19,Pams Free Range Boneless Skinless Chicken Breast,2.0,pack,Chicken & Poultry,400g
2026-03-19,Act II Butter Flavour Microwave Popcorn,2.0,pack,"Chips, Nuts & Snacks",85g
2026-03-19,Mother Earth Roasted & Lightly Salted Cashews,1.0,pack,"Chips, Nuts & Snacks",150g
2026-03-19,Tom & Luke Double Choc Berry Snackaballs,1.0,pack,"Chips, Nuts & Snacks",374g
2026-03-19,Cinderella Reduced Sugar Dried Mango,1.0,pack,"Chips, Nuts & Snacks",100g
2026-03-19,Ajax Spray n' Wipe Triple Action Glass Cleaner,1.0,pack,Cleaning & Accessories,500ml
2026-03-19,Hellers Mild Biersticks,1.0,pack,Deli Meats & Smoked Fish,168g
2026-03-19,Beehive Shaved Champagne Ham,1.0,pack,Deli Meats & Smoked Fish,100g
2026-03-19,Woodland Free Range Grade 8 Eggs,1.0,pack,Eggs,10pk
2026-03-19,Bananas,8.0,kg,Fruit,
2026-03-19,Primor Prepacked Avocados,1.0,pack,Fruit,1kg
2026-03-19,NZ Strawberries,2.0,pack,Fruit,250g
2026-03-19,Lemons,2.0,kg,Fruit,
2026-03-19,Yummy Fruit Royal Gala Apples,1.0,pack,Fruit,1.5kg
2026-03-19,Pantene Pro-V Smooth & Sleek Shampoo,1.0,pack,Hair Care,900ml
2026-03-19,Pantene Pro-V Daily Moisture Renewal Conditioner,1.0,pack,Hair Care,900ml
2026-03-19,Artisan Baguette,1.0,pack,In-Store Bakery,1pk
2026-03-19,Lamb Loin Chops,800.0,g,Lamb,kg
2026-03-19,Boring No Added Sugar Oat Milk,3.0,pack,Long Life & Dairy Free Milk,1l
2026-03-19,Pams Value Standard Milk,1.0,pack,Milk,2l
2026-03-19,Pams Extra Virgin Olive Oil,1.0,pack,Oil & Vinegar,1l
2026-03-19,Indomie Mi Goreng Barbeque Chicken Instant Cup Noodles,4.0,pack,"Pasta, Rice & Noodles",75g
2026-03-19,Diamond Zoo Animals Pasta,1.0,pack,"Pasta, Rice & Noodles",350g
2026-03-19,Freya's Swiss Soya Linseed Bread,2.0,pack,Sliced & Packaged Bread,750g
2026-03-19,Mrs Rogers Naturals Eco Ground Cumin,1.0,pack,"Spices, Seasoning & Coatings",40g
2026-03-19,Mrs Rogers Naturals Eco Ground Paprika,1.0,pack,"Spices, Seasoning & Coatings",40g
2026-03-19,Mrs Rogers Naturals Whole Black Peppercorns,1.0,pack,"Spices, Seasoning & Coatings",200g
2026-03-19,Telegraph Cucumber,2.0,each,Vegetables,
2026-03-19,Pams Fresh Cherry Tomatoes,1.0,pack,Vegetables,250g
2026-03-19,Pams Baby Spinach,2.0,pack,Vegetables,120g
2026-03-19,Red Capsicum,3.0,each,Vegetables,
2026-03-19,Loose Red Onions,1.0,kg,Vegetables,
2026-03-19,Broccoli,2.0,each,Vegetables,
2026-03-19,Cauliflower,1.0,each,Vegetables,
2026-03-19,White Button Mushrooms,10.0,kg,Vegetables,
2026-03-19,Pams Brushed Agria Potatoes,1.0,pack,Vegetables,3kg
2026-03-19,Pams Flour Tortillas,1.0,pack,World Foods,10 x 43g
2026-03-19,Farrah's Kids White Snack Wraps,1.0,pack,"Wraps, Pita & Flat Bread",8pk
2026-03-19,Pams White Round Pita Bread,1.0,pack,"Wraps, Pita & Flat Bread",8 x 43.8g
2026-03-19,Moogurt Suckies Vanilla Custard Probiotic Yoghurt Pouch,1.0,pack,Yoghurt,5 x 70g
2026-03-19,Anchor Uno Smooth Mixed Berry Yoghurt,1.0,pack,Yoghurt,12 x 100g
2026-03-27,Nature's Fresh English Muffin Splits,1.0,pack,"Bagels, Crumpets & Pancakes",6pk
2026-03-27,Pams Baking Powder,1.0,pack,Baking Supplies & Sugar,400g
2026-03-27,Queen Special Batch Pure Canadian Maple Syrup,1.0,pack,Baking Supplies & Sugar,250ml
2026-03-27,Palmolive Naturals Moisturising Milk & Honey Liquid Hand Wash Refill,1.0,pack,"Bath, Shower & Soap",1l
2026-03-27,Hellers Craft Angus Beef Sausages,1.0,pack,Beef,6pk
2026-03-27,Affco Premium Beef Mince,1.0,pack,Beef,500g
2026-03-27,Real Foods Corn Thins Sour Cream & Chives,1.0,pack,Biscuits & Crackers,125g
2026-03-27,Peckish Cheddar Cheese Flavoured Rice Crackers,1.0,pack,Biscuits & Crackers,90g
2026-03-27,Peckish Barbecue Flavoured Rice Crackers,1.0,pack,Biscuits & Crackers,90g
2026-03-27,Arnott's Shapes Originals Pizza Crackers,1.0,pack,Biscuits & Crackers,190g
2026-03-27,Roasted Unsalted Almonds,100.0,g,Bulk Foods,kg
2026-03-27,Pams Mild Cheese,1.0,pack,Cheese,500g
2026-03-27,Pams Free Range Boneless Skinless Chicken Thighs,2.0,pack,Chicken & Poultry,400g
2026-03-27,Tegel Free Range Oven Ready Sage & Onion Roast Fresh Chicken,1.0,pack,Chicken & Poultry,1.5kg
2026-03-27,Pams Free Range Boneless Skinless Chicken Breast,2.0,pack,Chicken & Poultry,400g
2026-03-27,Act II Butter Flavour Microwave Popcorn,2.0,pack,"Chips, Nuts & Snacks",85g
2026-03-27,Mother Earth Roasted & Lightly Salted Cashews,1.0,pack,"Chips, Nuts & Snacks",150g
2026-03-27,Cinderella Reduced Sugar Dried Mango,1.0,pack,"Chips, Nuts & Snacks",100g
2026-03-27,Exit Mould Spray Cleaner,1.0,pack,Cleaning & Accessories,500ml
2026-03-27,Hellers Mild Biersticks,1.0,pack,Deli Meats & Smoked Fish,168g
2026-03-27,Beehive Shaved Champagne Ham,1.0,pack,Deli Meats & Smoked Fish,100g
2026-03-27,The Berry Fix Snap Frozen Mixed Berries,1.0,pack,Frozen Fruit & Desserts,1.5kg
2026-03-27,Bananas,8.0,kg,Fruit,
2026-03-27,Primor Prepacked Avocados,1.0,pack,Fruit,1kg
2026-03-27,NZ Strawberries,2.0,pack,Fruit,250g
2026-03-27,Yummy Fruit Royal Gala Apples,1.0,pack,Fruit,1.5kg
2026-03-27,Apricots,6.0,kg,Fruit,
2026-03-27,Round Cheese Rolls,1.0,pack,In-Store Bakery,6pk
2026-03-27,Surf Tropical Laundry Powder,1.0,pack,Laundry,1kg
2026-03-27,Boring No Added Sugar Oat Milk,3.0,pack,Long Life & Dairy Free Milk,1l
2026-03-27,Pams Value Standard Milk,1.0,pack,Milk,2l
2026-03-27,Pams Extra Virgin Olive Oil,1.0,pack,Oil & Vinegar,1l
2026-03-27,Indomie Mi Goreng Barbeque Chicken Instant Cup Noodles,4.0,pack,"Pasta, Rice & Noodles",75g
2026-03-27,Diamond Zoo Animals Pasta,1.0,pack,"Pasta, Rice & Noodles",350g
2026-03-27,Diamond Spaghetti Pasta,1.0,pack,"Pasta, Rice & Noodles",500g
2026-03-27,Diamond Spirals Pasta,1.0,pack,"Pasta, Rice & Noodles",500g
2026-03-27,Freya's Swiss Soya Linseed Bread,2.0,pack,Sliced & Packaged Bread,750g
2026-03-27,Telegraph Cucumber,1.0,each,Vegetables,
2026-03-27,Pams Fresh Cherry Tomatoes,1.0,pack,Vegetables,250g
2026-03-27,Pams Baby Spinach,1.0,pack,Vegetables,120g
2026-03-27,Red Capsicum,2.0,each,Vegetables,
2026-03-27,Loose Red Onions,1.0,kg,Vegetables,
2026-03-27,Broccoli,1.0,each,Vegetables,
2026-03-27,White Button Mushrooms,10.0,kg,Vegetables,
2026-03-27,Pams Flour Tortillas,1.0,pack,World Foods,10 x 43g
2026-03-27,Pams White Round Pita Bread,1.0,pack,"Wraps, Pita & Flat Bread",8 x 43.8g
2026-03-27,Moogurt Suckies Vanilla Custard Probiotic Yoghurt Pouch,1.0,pack,Yoghurt,5 x 70g
2026-04-12,Nature's Fresh English Muffin Splits,1.0,pack,"Bagels, Crumpets & Pancakes",6pk
2026-04-12,Affco Premium Beef Mince,1.0,pack,Beef,500g
2026-04-12,Real Foods Corn Thins Sour Cream & Chives,1.0,pack,Biscuits & Crackers,125g
2026-04-12,Peckish Cheddar Cheese Flavoured Rice Crackers,1.0,pack,Biscuits & Crackers,90g
2026-04-12,Peckish Barbecue Flavoured Rice Crackers,1.0,pack,Biscuits & Crackers,90g
2026-04-12,Arnott's Shapes Originals Pizza Crackers,1.0,pack,Biscuits & Crackers,190g
2026-04-12,Roasted Unsalted Almonds,100.0,g,Bulk Foods,kg
2026-04-12,Pams Free Range Boneless Skinless Chicken Thighs,2.0,pack,Chicken & Poultry,400g
2026-04-12,Tegel Free Range Oven Ready Sage & Onion Roast Fresh Chicken,1.0,pack,Chicken & Poultry,1.5kg
2026-04-12,Pams Free Range Boneless Skinless Chicken Breast,2.0,pack,Chicken & Poultry,400g
2026-04-12,Act II Butter Flavour Microwave Popcorn,2.0,pack,"Chips, Nuts & Snacks",85g
2026-04-12,Mother Earth Roasted & Lightly Salted Cashews,1.0,pack,"Chips, Nuts & Snacks",150g
2026-04-12,Tom & Luke Double Choc Berry Snackaballs,1.0,pack,"Chips, Nuts & Snacks",374g
2026-04-12,Hellers Mild Biersticks,1.0,pack,Deli Meats & Smoked Fish,168g
2026-04-12,Beehive Shaved Champagne Ham,1.0,pack,Deli Meats & Smoked Fish,100g
2026-04-12,Woodland Free Range Grade 8 Eggs,1.0,pack,Eggs,10pk
2026-04-12,Leanne's Kitchen Chicken and Vegetable Dumplings,2.0,pack,"Frozen Dumplings, Pies & Snacks",250g
2026-04-12,Bananas,8.0,kg,Fruit,
2026-04-12,Primor Prepacked Avocados,1.0,pack,Fruit,1kg
2026-04-12,NZ Strawberries,2.0,pack,Fruit,250g
2026-04-12,Yummy Fruit Royal Gala Apples,1.0,pack,Fruit,1.5kg
2026-04-12,Apricots,6.0,kg,Fruit,
2026-04-12,Round Cheese Rolls,1.0,pack,In-Store Bakery,6pk
2026-04-12,Lamb Loin Chops,550.0,g,Lamb,kg
2026-04-12,Boring No Added Sugar Oat Milk,1.0,pack,Long Life & Dairy Free Milk,1l
2026-04-12,Pams Value Standard Milk,1.0,pack,Milk,2l
2026-04-12,Indomie Mi Goreng Barbeque Chicken Instant Cup Noodles,4.0,pack,"Pasta, Rice & Noodles",75g
2026-04-12,Freya's Swiss Soya Linseed Bread,2.0,pack,Sliced & Packaged Bread,750g
2026-04-12,Telegraph Cucumber,1.0,each,Vegetables,
2026-04-12,Pams Fresh Cherry Tomatoes,2.0,pack,Vegetables,250g
2026-04-12,Pams Baby Spinach,1.0,pack,Vegetables,120g
2026-04-12,Red Capsicum,2.0,each,Vegetables,
2026-04-12,Loose Red Onions,1.0,kg,Vegetables,
2026-04-12,Broccoli,1.0,each,Vegetables,
2026-04-12,White Button Mushrooms,10.0,kg,Vegetables,
2026-04-12,Pams Brushed Agria Potatoes,1.0,pack,Vegetables,3kg
2026-04-12,Cauliflower,1.0,each,Vegetables,
2026-04-12,Pams White Round Pita Bread,1.0,pack,"Wraps, Pita & Flat Bread",8 x 43.8g
